Title,URL,Description,Emails,Phone Numbers
Construction Bid Software Add-On Products and Services | SmartBid,https://smartbid.co/add-on-products-services,"We offer a full suite of add-ons to maximize your results with SmartBid. Check out our additional services like contact management, project leads, & more.",support@smartbid.co,"1533761390, 1735846105, 1504189757, 3980758138, 1553807082, 1553872299, 1461688086, 4239611510, (888) 808-8319, 1614788382, 1553808046, (866) 431-1050"
Contact A Construction Bid Management Expert At SmartBid,https://smartbid.co/contact,Contact a SmartBid representative for more information on how our general contractor bidding software can improve your preconstruction process.,support@smartbid.co,"1482846111, 1492018433, 1735846105, 3980758138, 1484157474, 1489093063, 1466002444, 1533831963, 4239611510, 1492460026, (888) 808-8319, 1614788382, 1463163380, (866) 431-1050"
Construction Bidding Software Pricing | SmartBid,https://smartbid.co/construction-bid-software-pricing,SmartBid construction bidding software offers annual options per user with add-ons available. We have pricing to fit general contractors of all sizes.,support@smartbid.co,"1486473251, 1481815183, 1552323193, 1486472992, 1552323213, 1492124977, (888) 808-8319, 1482249516, 1486473124, 1497295398, 1481918944, (866) 431-1050, 1482249510, 3980758138, 1486473137, 1482942237, 1486473431, 1531852274, 1504203392, 1483540825, 1486473088, 1486473238, 1486473265, 1497295441, 1486473104, 1496847102, 1492124966, 4239611510, 1555952042, 1558646754, 1735846105, 1492124951, 1552940497, 1496845767, 1486473222, 1614788382, 1482249479, 1496847030, 1486473203"
"Construction Bid Management News, Tools & Tips | SmartBid",https://smartbid.co/construction-news-and-technology-blog,"Learn about the latest construction bid management news, tools, and tips with SmartBid. Start enhancing your bidding processes today.",support@smartbid.co,"1532014849, 1456319468, (888) 808-8319, (866) 431-1050, 1462815330, 1555954483, 3980758138, 1506102162, 1554212406, 1539794820, 1539889190, 1493295519, 4239611510, 1484854773, 1539889306, 1735846105, 1506432811, 1539887992, 1614788382, 1463078483, 1462814084"
SmartBid | Construction Bidding Software | Contractor Bidding Software,https://smartbid.co,"SmartBid is the top construction bidding software for general contractors. Easily manage subcontractor data, send invitations to bid & compare proposals.",support@smartbid.co,"1496841704, 1496841455, 1511355711, 1591296436, 1492109553, 1579624139, 1492109546, 1515585161, 1573835825, 1532116637, 1558625271, 1557506187, (888) 808-8319, 1480614916, (866) 431-1050, 1558637639, 1506426489, 1496840783, 1532116719, 1456341560, 1457440467, 1496841177, 1584551099, 3980758138, 1496841293, 1497274238, 1539960563, 1497287445, 1558628384, 1557436534, 1498764519, 1532966892, 1584551107, 1582212609, 1473880395, 1498745968, 1532966861, 1557435247, 1496840842, 1532966904, 4239611510, 1591296524, 1558627527, 1558637708, 1494416028, 1457452248, 1552939639, 1557436375, 1735846105, 1496841233, 1539792618, 1496840819, 1504286480, 1532116592, 1558624032, 1582648917, 1532116613, 1546446710, 1532966872, 1480616847, 1531140163, 1614788382, 1558628267, 1557435232"
Construction Bidding Software For General Contractors | SmartBid,https://smartbid.co/construction-bidding-software,"Request a free demo of SmartBid construction bidding software. See why general contractors use SmartBid to manage subcontractors, send ITB's & compare bids.",support@smartbid.co,"1510922934, 2016062711, 923368.1510, 1510671350, 1511286736, 1510922924, (888) 808-8319, 1512159445, (866) 431-1050, 1510672474, 1493210012, 1510776882, 1496840783, 3980758138, 368.1510921, 1510755028, 1510776822, 1511870823, 1510755075, 1510921923, 1483034234, 1510755046, 1510837094, 4239611510, 1510671659, 1510753930, 1510671213, 1483033366, 8731789128, 1735846105, 1510922929, 1510836793, 1614788382"
Customer Stories Archives - SmartBid,https://smartbid.co/category/customer-stories,"Sabre Commercial is an Austin, Texas-based general contractor that specializes in general contracting, preconstruction services, risk management services, design build, and safety. Sabre mainly builds commercial general contracting projects like hospitals, schools, corporate offices, restaurants and more. They have been recognized by the Austin Business Journal, as well as received three Outstanding Construction Awards fromRead more",support@smartbid.co,"1735846105, 3980758138, 4239611510, (888) 808-8319, 1614788382, (866) 431-1050"
The Best Construction Bid Software for General Contractors | SmartBid,https://smartbid.co/best-construction-bid-software,See why top general contractors in the ENR 100 choose SmartBid as the best construction bidding software year after year over the competition.,support@smartbid.co,"1533760158, (888) 808-8319, (866) 431-1050, 1497355040, 1497355019, 1482841167, 3980758138, 1497355069, 1496851964, 1482841583, 1497444761, 1497355005, 4239611510, 1496852154, 1735846105, 1482939145, 1555943604, 1482938761, 1504205062, 1482841496, 1497355030, 1614788382, 1497355058, 1482841644, 1497355049, 1482938781"
Construction Bidding Software Integrations & Partnerships | SmartBid,https://smartbid.co/construction-bid-software-integrations,"See how SmartBid integrates with leading construction management software like Procore, Autodesk BIM 360, STACK Estimating and Takeoff and much more.",support@smartbid.co,"1496763633, 1502809841, 1551986548, 1551986537, 1497467006, (888) 808-8319, 1511281821, 1504202665, 1497467102, (866) 431-1050, 1502809783, 1492123953, 1511200311, 3980758138, 1502809625, 1551988389, 1497467068, 1555953573, 1497034525, 1522348700, 1497466773, 1497466970, 1497467223, 1539877990, 4239611510, 1511353336, 1522346788, 1497467173, 1735846105, 1502809747, 1502809673, 1496763623, 1496763534, 1497467204, 1502809656, 1502809813, 1502809766, 1614788382, 1502809870"
How Sabre Uses SmartBid to Streamline Their Preconstruction Process,https://smartbid.co/how-sabre-uses-smartbid-to-streamline-preconstruction,"Learn why Sabre Commercial, a Texas general contractor, chose SmartBid to improve preconstruction efficiency, transparency, and consistency.",support@smartbid.co,"1735846105, 3980758138, 4239611510, (888) 808-8319, 1614788382, (866) 431-1050"
Customer Service & Success | SmartBid,https://smartbid.co/customer-service-success,"Once you become a SmartBid user, our goal is to ensure bid management success. We provide multiple Customer Service packages to meet your needs.",support@smartbid.co,"1551889904, 1551889130, 1525378093, 1525378114, 1525378705, 1551888412, 1527103256, 1551899404, 1525378814, 1551889053, 1525378514, (888) 808-8319, 1535144247, 1551889283, 1481918944, 1551899271, 1551899320, (866) 431-1050, 1525707038, 1527098466, 1525378539, 3980758138, 1551889110, 1525706816, 1551889068, 1551889178, 1504203392, 1483540825, 1525378074, 1555945190, 1551889163, 1551889757, 1525378743, 1527098343, 1525972770, 1496847102, 1551889193, 1551889771, 4239611510, 1525377610, 1551899289, 1525378052, 1551889785, 1735846105, 1525378568, 1551889222, 1525377666, 1551889257, 1525708895, 1496845767, 1614788382, 1496847030, 1525378791"
SmartBid | Construction Bidding Software | Contractor Bidding Software,https://smartbid.co/,"SmartBid is the top construction bidding software for general contractors. Easily manage subcontractor data, send invitations to bid & compare proposals.",support@smartbid.co,"1496841704, 1496841455, 1511355711, 1591296436, 1492109553, 1579624139, 1492109546, 1515585161, 1573835825, 1532116637, 1558625271, 1557506187, (888) 808-8319, 1480614916, (866) 431-1050, 1558637639, 1506426489, 1496840783, 1532116719, 1456341560, 1457440467, 1496841177, 1584551099, 3980758138, 1496841293, 1497274238, 1539960563, 1497287445, 1558628384, 1557436534, 1498764519, 1532966892, 1584551107, 1582212609, 1473880395, 1498745968, 1532966861, 1557435247, 1496840842, 1532966904, 4239611510, 1591296524, 1558627527, 1558637708, 1494416028, 1457452248, 1552939639, 1557436375, 1735846105, 1496841233, 1539792618, 1496840819, 1504286480, 1532116592, 1558624032, 1582648917, 1532116613, 1546446710, 1532966872, 1480616847, 1531140163, 1614788382, 1558628267, 1557435232"
How PCL Construction uses SmartBid to Save 8+ Hours Per Project,https://smartbid.co/pcl-uses-smartbid-to-save-8-hours-per-project,"Learn how Marc Brown, Estimator at PCL Construction, has improved the construction bidding process and saves 8+ hours per project with SmartBid.",support@smartbid.co,"1735846105, 3980758138, 4239611510, (888) 808-8319, 1614788382, (866) 431-1050"
ConstructConnect Academy | ConstructConnect,https://smartbid.co/academy-user-training,"Enhance your construction skills with expert-led courses at ConstructConnect Academy. Join interactive sessions, network with professionals, and gain a competitive edge in the industry.",academy@constructconnect.com,"1868821881, 1750102401, 1741967502, 1750098194, 1750098186, 1739300106, 1742354137, 1750098202, 1890547114, 1742354906, 8996833100, 1741281231, 1753902421, 1750102399, 1743780792, 1739300045, 1742353070, 1750102395, 348.4518098, 1090504826, 1742354119, 1876408938, 1740933723, 1859959130, 1859997264, 1742352475, 1750098200, 1753929949, 1750102392, 1742493657, 877-761-4347, 1868783456, 1742353031, 1868810325, 1750102402, 1859997263, 1868845333, 1889684724, 1875279127, 1877761434, 1868763246, 1750332937, 1883484222, 1742927532, 1868791165, 1889651438"
Construction Bid Management Software - Features & Tools | SmartBid,https://smartbid.co/features-overview-smartbid-construction-bid-management,"With SmartBid construction bid management software general contractors can manage subcontractors, increase bid coverage & centralize project communications.",support@smartbid.co,"1533761390, 1735846105, 1504189757, 1486141616, 3980758138, 1485433646, 1461688086, 4239611510, (888) 808-8319, 1614788382, 1555954610, (866) 431-1050"
Construction Bid Solicitation Software & Technology Case StudyÂ | SmartBid,https://smartbid.co/construction-bidding-software-technology-case-studies,Learn how general contractors use SmartBid invitation to bid software and other construction technology to streamline the bidding process & increase ROI.,support@smartbid.co,"1534263412, (866) 431-1050, 1735846105, 1534264340, 1555946597, 1534181282, 3980758138, 1497460533, 1497460515, 1534263697, 4239611510, 1497460508, 1497460524, 1614788382, 1534186183, (888) 808-8319, 1534186159"
Procore Project Management Software - Integration | SmartBid,https://smartbid.co/procore-integration-smartbid-construction-bid-software,Integrate Procore project management software with SmartBid construction bidding software to streamline your entire construction process.,support@smartbid.co,"1496775740, 1496775721, 1496751378, 1496692363, (888) 808-8319, 1496775771, 1510084743, (866) 431-1050, 1493210012, 3980758138, 1496775764, 1496692245, 1504199264, 1496754909, 1510084681, 1483034234, 1496775747, 1496770049, 1496692848, 4239611510, 1483033366, 1493208445, 1496692855, 1735846105, 1496847990, 1496755044, 1496775728, 1614788382"
