text,link
Learn more,https://www.constructconnect.com/isqft-smartbid-combination/
,https://smartbid.co
Why Choose SmartBid,https://smartbid.co/best-construction-bid-software
Features Overview,https://smartbid.co/features-overview-smartbid-construction-bid-management
Add-On Products & Services,https://smartbid.co/add-on-products-services
Case Studies,https://smartbid.co/construction-bidding-software-technology-case-studies
Pricing,https://smartbid.co/construction-bid-software-pricing
Integrations & Partners,https://smartbid.co/construction-bid-software-integrations
Get More Bid Invites,http://smartinsight.co/subcontractor-construction-bids/
Customer Service Offerings,https://smartbid.co/customer-service-success
Customer Service Help Center,http://support.smartbidnet.com
Call: (888) 808-8319,tel:(888)%20808-8319
Email: support@smartbid.co,mailto:support@smartbid.co
News & Blog,https://smartbid.co/construction-news-and-technology-blog
2019 Precon Tech Report,https://try.smartbid.co/2019-Precon-Technology-Report.html
Subscribe to Bid Coach,https://www.constructconnect.com/subscribe-bid-coach
SmartBid Academy,https://www.constructconnect.com/academy
Contact Form,https://smartbid.co/contact
Sales: (866) 431-1050,tel:(866)%20431-1050
Customer Service: (888) 808-8319,tel:(888)%20808-8319
Sign In,https://secure.smartbidnet.com
Get Started,/construction-bidding-software
REQUEST A FREE DEMO,https://smartbid.co/construction-bidding-software
LEARN MORE,https://www.constructconnect.com/academy
,http://www.stiles.com/
,http://www.swinerton.com/
,http://www.jedunn.com/
,http://www.satpon.com/
,http://www.dpr.com/
,http://www.smwilson.com/
SEE WHY THEY CHOSE US,/best-construction-bid-software/
TELL ME MORE,/features-invitation-to-bid-general-contractor-software
TELL ME MORE,/features-online-plan-room
TELL ME MORE,/features-subcontractor-management-online
TELL ME MORE,/features-subcontractor-prequal-construction-bidding-software
LEARN MORE,https://smartbid.co/procore-integration-smartbid-construction-bid-software
LEARN MORE,/smartbid-integration-autodesk-bim-360
LEARN MORE,/construction-bid-software-integrations#dropbox
Construction Management Software,https://www.constructconnect.com/
LEARN MORE,/construction-bid-software-integrations#constructconnect
Customer Stories,https://smartbid.co/category/customer-stories
How Sabre Commercial Uses SmartBid to Streamline Their Preconstruction Process,https://smartbid.co/how-sabre-uses-smartbid-to-streamline-preconstruction
READ MORE,https://smartbid.co/how-sabre-uses-smartbid-to-streamline-preconstruction
Customer Stories,https://smartbid.co/category/customer-stories
How PCL Construction uses SmartBid to Save 8+ Hours Per Project,https://smartbid.co/pcl-uses-smartbid-to-save-8-hours-per-project
READ MORE,https://smartbid.co/pcl-uses-smartbid-to-save-8-hours-per-project
REQUEST A FREE DEMO,https://smartbid.co/construction-bidding-software
,https://smartbid.co/
,https://www.facebook.com/ConstructConnect/
,https://twitter.com/ConstructConnx
,https://www.linkedin.com/company/constructconnect
,https://www.youtube.com/channel/UCZ2Mh32gfZCp0E71Q00TmHQ
(866) 431-1050,tel:(866) 431-1050
(888) 808-8319,tel:(888) 808-8319
support@smartbid.co,mailto:support@smartbid.co
Contact Us,/contact
Help Center,https://support.smartbidnet.com/
Login,https://secure.smartbidnet.com/
General Contractors,/best-construction-bid-software/
Subcontractors,https://smartinsight.co/subcontractor-construction-bids/
Client Case Studies,/construction-bidding-software-technology-case-studies
Pricing,/construction-bid-software-pricing
Blog & News,/construction-news-and-technology-blog
About Us,/about
Learn More >,/best-construction-bid-software
,http://go.isqft.com/UU-WS.html
,http://www.agc.org/
AGC Strategic Partner,http://www.agc.org/
,http://www.usgbc.org/
USGBC Member,http://www.usgbc.org/
,http://www.aspenational.org/
ASPE,http://www.aspenational.org/
Privacy Policy,https://www.constructconnect.com/privacy-policy/
Do Not Sell My Personal Information,https://www.constructconnect.com/privacy-policy/#rights
Master Subscription Agreement,https://www.constructconnect.com/master-subscription-agreement
Terms and Conditions of Acceptable Use,https://www.constructconnect.com/terms-and-conditions-of-acceptable-use
General Contractors,#
Why Choose SmartBid,https://smartbid.co/best-construction-bid-software
Features Overview,https://smartbid.co/features-overview-smartbid-construction-bid-management
Add-On Products & Services,https://smartbid.co/add-on-products-services
Case Studies,https://smartbid.co/construction-bidding-software-technology-case-studies
Pricing,https://smartbid.co/construction-bid-software-pricing
Integrations & Partners,https://smartbid.co/construction-bid-software-integrations
Subcontractors,https://smartinsight.co/subcontractor-construction-bids/
Get More Bid Invites,http://smartinsight.co/subcontractor-construction-bids/
Resources,#
Customer Service,#
Customer Service Offerings,https://smartbid.co/customer-service-success
Customer Service Help Center,http://support.smartbidnet.com
Call: (888) 808-8319,tel:(888)%20808-8319
Email: support@smartbid.co,mailto:support@smartbid.co
Education,#
News & Blog,https://smartbid.co/construction-news-and-technology-blog
2019 Precon Tech Report,https://try.smartbid.co/2019-Precon-Technology-Report.html
Subscribe to Bid Coach,https://www.constructconnect.com/subscribe-bid-coach
SmartBid Academy,https://smartbid.co/academy-user-training
Contact Us,#
Contact Form,https://smartbid.co/contact
Sales: (866) 431-1050,tel:(866)%20431-1050
Customer Service: (888) 808-8319,tel:(888)%20808-8319
Sign In,https://secure.smartbidnet.com
Get Started,/construction-bidding-software
,https://smartbid.co
privacy policy,https://www.constructconnect.com/privacy-policy
unsubscribe here,https://www.constructconnect.com/unsubscribe
